{
    "confusion_matrix": [
        [
            22,
            12
        ],
        [
            17,
            24
        ]
    ],
    "classification_report": {
        "0": {
            "precision": 0.5641025641025641,
            "recall": 0.6470588235294118,
            "f1-score": 0.6027397260273972,
            "support": 34.0
        },
        "1": {
            "precision": 0.6666666666666666,
            "recall": 0.5853658536585366,
            "f1-score": 0.6233766233766234,
            "support": 41.0
        },
        "accuracy": 0.6133333333333333,
        "macro avg": {
            "precision": 0.6153846153846154,
            "recall": 0.6162123385939742,
            "f1-score": 0.6130581747020103,
            "support": 75.0
        },
        "weighted avg": {
            "precision": 0.6201709401709401,
            "recall": 0.6133333333333333,
            "f1-score": 0.6140212299116409,
            "support": 75.0
        }
    },
    "accuracy": 0.6133333333333333
}